{
    "params": {
        "rsi_period": 14,
        "bb_dev": 2.5,
        "sl_dist": 200.0,
        "tp_dist": 500.0,
        "vol_spike_mult": 1.5,
        "confidence_threshold": 0.4,
        "start_time": "09:15",
        "end_time": "17:15"
    },
    "net_profit": 53.0,
    "max_dd": 0.003972589134968716,
    "profit_factor": 1.5353535353535352,
    "trades": 17
}