{
    "threshold": 0.15,
    "multiplier": 0.25,
    "total_pnl": 302.45714285714786,
    "avg_pnl_day": 75.61428571428696,
    "total_trades": 79,
    "max_dd": 2.54885474904652
}