{
  "timestamp": 1772657147.5625348,
  "bluechips": {
    "VALE3": -1.3686828595472267,
    "PETR4": -1.0515961848557631,
    "ITUB4": -0.10991099013594915,
    "BBDC4": -0.14914664706642347,
    "ELET3": 2.268515805604608
  },
  "synthetic_index": -0.44893763884330096,
  "macro": {
    "score": 0.9236989406213182,
    "reason": "S&P 500 Change"
  },
  "calendar": {
    "volatility_expected": false,
    "reason": "Mercado Est\u00e1vel"
  },
  "settlement_price": 0.0
}