{
  "timestamp": 1772324757.6560585,
  "bluechips": {
    "VALE3": -0.7500135064814745,
    "PETR4": -1.480667556809177,
    "ITUB4": -1.7201043957169346,
    "BBDC4": -1.6307078083673978,
    "ELET3": 2.2698176653369675
  },
  "synthetic_index": -0.9880221515745579,
  "macro": {
    "score": -0.35805132274148843,
    "reason": "S&P 500 Change"
  },
  "calendar": {
    "volatility_expected": false,
    "reason": "Mercado Est\u00e1vel"
  },
  "settlement_price": 0.0
}