{
  "timestamp": 1772487651.163306,
  "bluechips": {
    "VALE3": 0.2699039747740817,
    "PETR4": -0.41184744916867333,
    "ITUB4": 0.20130551086158713,
    "BBDC4": 1.3396929713680028,
    "ELET3": 2.2696800039858624
  },
  "synthetic_index": 0.5031844211804614,
  "macro": {
    "score": -0.06937206700703266,
    "reason": "S&P 500 Change"
  },
  "calendar": {
    "volatility_expected": false,
    "reason": "Mercado Est\u00e1vel"
  },
  "settlement_price": 0.0
}