{
  "timestamp": 1772820189.3206143,
  "bluechips": {
    "VALE3": -1.9385840700236798,
    "PETR4": 1.4085407478495193,
    "ITUB4": -0.9183511905689137,
    "BBDC4": -0.9091426569377609,
    "ELET3": 2.2686711924824867
  },
  "synthetic_index": -0.33492474819647133,
  "macro": {
    "score": -1.022546186761993,
    "reason": "S&P 500 Change"
  },
  "calendar": {
    "volatility_expected": false,
    "reason": "Mercado Est\u00e1vel"
  },
  "settlement_price": 0.0,
  "htf_bias": "BEAR",
  "real_cvd": 0.0,
  "real_cvd_wdo": 0.0,
  "wdo_win_signal": "NEUTRO",
  "low_liquidity": false,
  "volume_d1": 23811148,
  "avg_volume_10d": 18316898.0,
  "commission_today": 0.0
}