{
  "timestamp": 1773111342.5984228,
  "bluechips": {
    "VALE3": 0.8088492654868075,
    "PETR4": 1.5381456629595047,
    "ITUB4": 0.5598320916067762,
    "BBDC4": 0.6103899742208077,
    "ELET3": 2.0117042692427662
  },
  "synthetic_index": 1.0148752353681683,
  "macro": {
    "score": 0.9871225412354425,
    "reason": "S&P 500 Change"
  },
  "calendar": {
    "volatility_expected": false,
    "reason": "Mercado Est\u00e1vel"
  },
  "settlement_price": 0.0,
  "htf_bias": "NEUTRAL",
  "real_cvd": 0.0,
  "real_cvd_wdo": 0.0,
  "wdo_win_signal": "NEUTRO",
  "low_liquidity": false,
  "volume_d1": 21917021,
  "avg_volume_10d": 19046094.0,
  "commission_today": 0.0
}