{
  "timestamp": 1773079695.839075,
  "bluechips": {
    "VALE3": 0.8513848487146517,
    "PETR4": 0.8782748121374234,
    "ITUB4": 0.40032250350832915,
    "BBDC4": -0.09926580294444647,
    "ELET3": 2.269694824601268
  },
  "synthetic_index": 0.7206144220970644,
  "macro": {
    "score": -0.5561041951152009,
    "reason": "S&P 500 Change"
  },
  "calendar": {
    "volatility_expected": false,
    "reason": "Mercado Est\u00e1vel"
  },
  "settlement_price": 0.0,
  "htf_bias": "BEAR",
  "real_cvd": 0.0,
  "real_cvd_wdo": 0.0,
  "wdo_win_signal": "NEUTRO",
  "low_liquidity": false,
  "volume_d1": 21917021,
  "avg_volume_10d": 19046094.0,
  "commission_today": 0.0
}