{
  "timestamp": 1772482002.3705552,
  "bluechips": {
    "VALE3": 0.2684004630782978,
    "PETR4": -0.938615569869486,
    "ITUB4": 0.5518553715503067,
    "BBDC4": 1.5297170545494052,
    "ELET3": 2.2718207829752024
  },
  "synthetic_index": 0.4788131263919629,
  "macro": {
    "score": 0.06415412030722496,
    "reason": "S&P 500 Change"
  },
  "calendar": {
    "volatility_expected": false,
    "reason": "Mercado Est\u00e1vel"
  },
  "settlement_price": 0.0
}