{
  "timestamp": 1773443199.216892,
  "bluechips": {
    "VALE3": -1.409293496632799,
    "PETR4": -0.8705116224190916,
    "ITUB4": -0.2305526424991965,
    "BBDC4": -2.008866569819859,
    "ELET3": 2.0082947996163067
  },
  "synthetic_index": -0.8314245076521339,
  "macro": {
    "score": -0.9973551250454369,
    "reason": "S&P 500 Change"
  },
  "calendar": {
    "volatility_expected": false,
    "reason": "Mercado Est\u00e1vel"
  },
  "settlement_price": 0.0,
  "settlements": {
    "WIN$": 0.0,
    "WDO$": 0.0
  },
  "vwap": 0.0,
  "vwaps": {
    "WIN$": 0.0,
    "WDO$": 0.0
  },
  "htf_bias": "BEAR",
  "real_cvd": 0.0,
  "real_cvd_wdo": 0.0,
  "wdo_win_signal": "NEUTRO",
  "low_liquidity": false,
  "volume_d1": 22038212,
  "avg_volume_10d": 21109297.0,
  "commission_today": 0.0
}