{
  "timestamp": 1773101682.3615468,
  "bluechips": {
    "VALE3": 0.8093714655800422,
    "PETR4": 1.5406916939673185,
    "ITUB4": 0.5618183541749877,
    "BBDC4": 0.6104230402674031,
    "ELET3": 2.011427821264421
  },
  "synthetic_index": 1.0115421924251566,
  "macro": {
    "score": 0.987146805688059,
    "reason": "S&P 500 Change"
  },
  "calendar": {
    "volatility_expected": false,
    "reason": "Mercado Est\u00e1vel"
  },
  "settlement_price": 0.0,
  "htf_bias": "NEUTRAL",
  "real_cvd": 0.0,
  "real_cvd_wdo": 0.0,
  "wdo_win_signal": "NEUTRO",
  "low_liquidity": false,
  "volume_d1": 21917021,
  "avg_volume_10d": 19046094.0,
  "commission_today": 0.0
}