{
  "timestamp": 1772677302.9851274,
  "bluechips": {
    "VALE3": -1.5191032552909234,
    "PETR4": -1.0983913363106397,
    "ITUB4": -0.5090879893502622,
    "BBDC4": -0.29071647835780307,
    "ELET3": 2.2698282100525007
  },
  "synthetic_index": -0.6071958462687858,
  "macro": {
    "score": 0.6975739016796101,
    "reason": "S&P 500 Change"
  },
  "calendar": {
    "volatility_expected": false,
    "reason": "Mercado Est\u00e1vel"
  },
  "settlement_price": 0.0,
  "htf_bias": "NEUTRAL",
  "real_cvd": 0.0,
  "real_cvd_wdo": 0.0,
  "wdo_win_signal": "NEUTRO",
  "low_liquidity": false,
  "volume_today": 19493406,
  "avg_volume_10d": 17254079.0,
  "commission_today": 0.0
}