{
  "timestamp": 1773409605.0418649,
  "bluechips": {
    "VALE3": 0.03137999749675154,
    "PETR4": -1.0411960395238162,
    "ITUB4": 1.1510487990948348,
    "BBDC4": 0.3108342045983061,
    "ELET3": 2.008839032401739
  },
  "synthetic_index": 0.24474699426623767,
  "macro": {
    "score": 0.531628563392431,
    "reason": "S&P 500 Change"
  },
  "calendar": {
    "volatility_expected": true,
    "reason": "ALTA VOLATILIDADE: Abertura NYSE"
  },
  "settlement_price": 0.0,
  "htf_bias": "BEAR",
  "real_cvd": 0.0,
  "real_cvd_wdo": 0.0,
  "wdo_win_signal": "NEUTRO",
  "low_liquidity": false,
  "volume_d1": 22038212,
  "avg_volume_10d": 21109297.0,
  "commission_today": 0.0
}