{
  "timestamp": 1772818958.3799682,
  "bluechips": {
    "VALE3": -2.448265733804878,
    "PETR4": 1.459960006161443,
    "ITUB4": -1.060331982246567,
    "BBDC4": -1.0706189180949917,
    "ELET3": 2.2708311574165347
  },
  "synthetic_index": -0.528415208825638,
  "macro": {
    "score": -1.2938461843621654,
    "reason": "S&P 500 Change"
  },
  "calendar": {
    "volatility_expected": false,
    "reason": "Mercado Est\u00e1vel"
  },
  "settlement_price": 0.0,
  "htf_bias": "BEAR",
  "real_cvd": 0.0,
  "real_cvd_wdo": 0.0,
  "wdo_win_signal": "NEUTRO",
  "low_liquidity": false,
  "volume_d1": 23811148,
  "avg_volume_10d": 18316898.0,
  "commission_today": 0.0
}