{
  "timestamp": 1772658156.793167,
  "bluechips": {
    "VALE3": -1.7012158981143395,
    "PETR4": -1.2504763642466168,
    "ITUB4": -0.2390302791924703,
    "BBDC4": -0.48906607347279024,
    "ELET3": 2.2706230254319477
  },
  "synthetic_index": -0.6853666894956357,
  "macro": {
    "score": 0.7224632166708626,
    "reason": "S&P 500 Change"
  },
  "calendar": {
    "volatility_expected": false,
    "reason": "Mercado Est\u00e1vel"
  },
  "settlement_price": 0.0
}