{
  "timestamp": 1773087701.3683398,
  "bluechips": {
    "VALE3": 0.5097801689387927,
    "PETR4": 2.4909534244948963,
    "ITUB4": 0.5404305993628391,
    "BBDC4": 0.00038951394603946483,
    "ELET3": 2.0107020512325846
  },
  "synthetic_index": 1.030180484459689,
  "macro": {
    "score": 0.5924881045983311,
    "reason": "S&P 500 Change"
  },
  "calendar": {
    "volatility_expected": false,
    "reason": "Mercado Est\u00e1vel"
  },
  "settlement_price": 0.0,
  "htf_bias": "BEAR",
  "real_cvd": 0.0,
  "real_cvd_wdo": 0.0,
  "wdo_win_signal": "NEUTRO",
  "low_liquidity": false,
  "volume_d1": 21917021,
  "avg_volume_10d": 19046094.0,
  "commission_today": 0.0
}