{
  "timestamp": 1773444129.9168475,
  "bluechips": {
    "VALE3": -1.4098264694780127,
    "PETR4": -0.8708753181558565,
    "ITUB4": -0.22879361436753676,
    "BBDC4": -2.0096935869684853,
    "ELET3": 2.011746913936995
  },
  "synthetic_index": -0.8340326423482796,
  "macro": {
    "score": -0.9971167556090527,
    "reason": "S&P 500 Change"
  },
  "calendar": {
    "volatility_expected": false,
    "reason": "Mercado Est\u00e1vel"
  },
  "settlement_price": 0.0,
  "settlements": {
    "WIN$": 0.0,
    "WDO$": 0.0
  },
  "vwap": 0.0,
  "vwaps": {
    "WIN$": 0.0,
    "WDO$": 0.0
  },
  "htf_bias": "BEAR",
  "real_cvd": 0.0,
  "real_cvd_wdo": 0.0,
  "wdo_win_signal": "NEUTRO",
  "low_liquidity": false,
  "volume_d1": 22038212,
  "avg_volume_10d": 21109297.0,
  "commission_today": 0.0
}