{
  "timestamp": 1773152569.5951893,
  "bluechips": {
    "VALE3": 0.9587897148149498,
    "PETR4": -1.5306449716562585,
    "ITUB4": -0.19042549214336568,
    "BBDC4": 1.5915181631379618,
    "ELET3": 2.009481784868951
  },
  "synthetic_index": 0.3729858158619406,
  "macro": {
    "score": -0.32749587849963174,
    "reason": "S&P 500 Change"
  },
  "calendar": {
    "volatility_expected": false,
    "reason": "Mercado Est\u00e1vel"
  },
  "settlement_price": 0.0,
  "htf_bias": "BULL",
  "real_cvd": 0.0,
  "real_cvd_wdo": 0.0,
  "wdo_win_signal": "NEUTRO",
  "low_liquidity": false,
  "volume_d1": 22867615,
  "avg_volume_10d": 19447422.0,
  "commission_today": 0.0
}