{
  "timestamp": 1772659507.6441193,
  "bluechips": {
    "VALE3": -1.521043009461299,
    "PETR4": -1.098152578111793,
    "ITUB4": -0.5109631726287545,
    "BBDC4": -0.2907295746474037,
    "ELET3": 2.2718704245795087
  },
  "synthetic_index": -0.6144741662135718,
  "macro": {
    "score": 0.6913308259208263,
    "reason": "S&P 500 Change"
  },
  "calendar": {
    "volatility_expected": false,
    "reason": "Mercado Est\u00e1vel"
  },
  "settlement_price": 0.0
}