{
  "timestamp": 1772833784.669307,
  "bluechips": {
    "VALE3": -2.5199516390249013,
    "PETR4": 0.49816656285415184,
    "ITUB4": -1.2185469292198776,
    "BBDC4": -0.8107589872713935,
    "ELET3": 2.2702106162489377
  },
  "synthetic_index": -0.7508487337780808,
  "macro": {
    "score": -1.2539540711444386,
    "reason": "S&P 500 Change"
  },
  "calendar": {
    "volatility_expected": false,
    "reason": "Mercado Est\u00e1vel"
  },
  "settlement_price": 0.0,
  "htf_bias": "BEAR",
  "real_cvd": 0.0,
  "real_cvd_wdo": 0.0,
  "wdo_win_signal": "NEUTRO",
  "low_liquidity": false,
  "volume_d1": 23811148,
  "avg_volume_10d": 18316898.0,
  "commission_today": 0.0
}