{
  "timestamp": 1774573983.7322643,
  "bluechips": {
    "VALE3": -0.78,
    "PETR4": 1.09,
    "ITUB4": -2.11,
    "BBDC4": -2.39,
    "ELET3": 2.01
  },
  "synthetic_index": -0.6429411764705882,
  "macro": {
    "score": -1.531456953642384,
    "reason": "S&P 500 Change"
  },
  "calendar": {
    "volatility_expected": false,
    "reason": "Mercado Est\u00e1vel"
  },
  "settlement_price": 0.0,
  "settlements": {
    "WIN$": 0.0,
    "WDO$": 0.0
  },
  "vwap": 184579.0118034809,
  "vwaps": {
    "WIN$": 184579.0118034809,
    "WDO$": 5245.868248764695
  },
  "htf_bias": "BEAR",
  "real_cvd": 0.0,
  "real_cvd_wdo": 0.0,
  "wdo_win_signal": "NEUTRO",
  "low_liquidity": false,
  "volume_d1": 21481246,
  "avg_volume_10d": 21135784.0,
  "commission_today": 0.0
}