{
  "timestamp": 1772661288.8923256,
  "bluechips": {
    "VALE3": -1.5181698414955078,
    "PETR4": -1.1003334767123336,
    "ITUB4": -0.5115971709172291,
    "BBDC4": -0.28886691552423815,
    "ELET3": 2.2709243777672024
  },
  "synthetic_index": -0.6078001629055966,
  "macro": {
    "score": 0.6961854323366785,
    "reason": "S&P 500 Change"
  },
  "calendar": {
    "volatility_expected": false,
    "reason": "Mercado Est\u00e1vel"
  },
  "settlement_price": 0.0
}