{
  "timestamp": 1773082497.8570893,
  "bluechips": {
    "VALE3": 1.5811434405149665,
    "PETR4": 1.708559491043085,
    "ITUB4": 0.5414179559960988,
    "BBDC4": 0.7183775452525453,
    "ELET3": 2.2713576416016097
  },
  "synthetic_index": 1.3098026108663616,
  "macro": {
    "score": -0.2680059236367395,
    "reason": "S&P 500 Change"
  },
  "calendar": {
    "volatility_expected": false,
    "reason": "Mercado Est\u00e1vel"
  },
  "settlement_price": 0.0,
  "htf_bias": "BEAR",
  "real_cvd": 0.0,
  "real_cvd_wdo": 0.0,
  "wdo_win_signal": "NEUTRO",
  "low_liquidity": false,
  "volume_d1": 21917021,
  "avg_volume_10d": 19046094.0,
  "commission_today": 0.0
}