{
  "timestamp": 1773165354.0456727,
  "bluechips": {
    "VALE3": 1.981731679813897,
    "PETR4": -1.8480814857761305,
    "ITUB4": 2.0608529359216012,
    "BBDC4": 3.0716087476920952,
    "ELET3": 2.0084998706597066
  },
  "synthetic_index": 1.3088392667891546,
  "macro": {
    "score": 0.4326348546001503,
    "reason": "S&P 500 Change"
  },
  "calendar": {
    "volatility_expected": false,
    "reason": "Mercado Est\u00e1vel"
  },
  "settlement_price": 0.0,
  "htf_bias": "BULL",
  "real_cvd": 0.0,
  "real_cvd_wdo": 0.0,
  "wdo_win_signal": "NEUTRO",
  "low_liquidity": false,
  "volume_d1": 22867615,
  "avg_volume_10d": 19447422.0,
  "commission_today": 0.0
}