{
  "timestamp": 1772556886.125262,
  "bluechips": {
    "VALE3": -1.359086997268809,
    "PETR4": -0.6988597403415722,
    "ITUB4": -0.2504334128123718,
    "BBDC4": -0.8792369571907007,
    "ELET3": 2.270197517489418
  },
  "synthetic_index": -0.5415003995914826,
  "macro": {
    "score": -1.2602084198642174,
    "reason": "S&P 500 Change"
  },
  "calendar": {
    "volatility_expected": false,
    "reason": "Mercado Est\u00e1vel"
  },
  "settlement_price": 0.0
}