{
  "timestamp": 1774915135.2852392,
  "bluechips": {
    "VALE3": 0.52,
    "PETR4": 0.4,
    "ITUB4": -0.07,
    "BBDC4": -0.22,
    "ELET3": 2.01
  },
  "synthetic_index": 0.3770588235294117,
  "macro": {
    "score": -0.16803438843298163,
    "reason": "S&P 500 Change"
  },
  "calendar": {
    "volatility_expected": false,
    "reason": "Mercado Est\u00e1vel"
  },
  "settlement_price": 0.0,
  "settlements": {
    "WIN$": 0.0,
    "WDO$": 0.0
  },
  "vwap": 184080.89987225685,
  "vwaps": {
    "WIN$": 184080.89987225685,
    "WDO$": 5249.335380765755
  },
  "htf_bias": "NEUTRAL",
  "real_cvd": 0.0,
  "real_cvd_wdo": 0.0,
  "wdo_win_signal": "NEUTRO",
  "low_liquidity": false,
  "volume_d1": 18012529,
  "avg_volume_10d": 21085002.0,
  "commission_today": 0.0
}