{
  "timestamp": 1772641792.7539809,
  "bluechips": {
    "VALE3": -1.5192464021316578,
    "PETR4": -2.318088005682618,
    "ITUB4": -0.8582656052807871,
    "BBDC4": -1.3112075093188649,
    "ELET3": 2.2716105561434796
  },
  "synthetic_index": -1.1661894959079808,
  "macro": {
    "score": 0.7148152008124136,
    "reason": "S&P 500 Change"
  },
  "calendar": {
    "volatility_expected": false,
    "reason": "Mercado Est\u00e1vel"
  },
  "settlement_price": 0.0
}