{
  "timestamp": 1774999801.518037,
  "bluechips": {
    "VALE3": 3.7,
    "PETR4": -2.05,
    "ITUB4": 4.52,
    "BBDC4": 3.57,
    "ELET3": 2.01
  },
  "synthetic_index": 2.3166666666666664,
  "macro": {
    "score": 2.89270755861745,
    "reason": "S&P 500 Change"
  },
  "calendar": {
    "volatility_expected": false,
    "reason": "Mercado Est\u00e1vel"
  },
  "settlement_price": 0.0,
  "settlements": {
    "WIN$": 0.0,
    "WDO$": 0.0
  },
  "vwap": 187571.0009703443,
  "vwaps": {
    "WIN$": 187571.0009703443,
    "WDO$": 5220.115529766958
  },
  "htf_bias": "BULL",
  "real_cvd": 0.0,
  "real_cvd_wdo": 0.0,
  "wdo_win_signal": "NEUTRO",
  "low_liquidity": false,
  "volume_d1": 18980570,
  "avg_volume_10d": 20826142.0,
  "commission_today": 0.0
}