{
  "timestamp": 1773114517.5914743,
  "bluechips": {
    "VALE3": 0.8095546418606436,
    "PETR4": 1.5393872364538723,
    "ITUB4": 0.5594596908762496,
    "BBDC4": 0.6092189948243956,
    "ELET3": 2.009200467718531
  },
  "synthetic_index": 1.0079408062788162,
  "macro": {
    "score": 0.9874281863955892,
    "reason": "S&P 500 Change"
  },
  "calendar": {
    "volatility_expected": false,
    "reason": "Mercado Est\u00e1vel"
  },
  "settlement_price": 0.0,
  "htf_bias": "NEUTRAL",
  "real_cvd": 0.0,
  "real_cvd_wdo": 0.0,
  "wdo_win_signal": "NEUTRO",
  "low_liquidity": false,
  "volume_d1": 21917021,
  "avg_volume_10d": 19046094.0,
  "commission_today": 0.0
}