{
  "timestamp": 1773868241.9314137,
  "bluechips": {
    "VALE3": -2.4902945613698004,
    "PETR4": 1.4417470398563015,
    "ITUB4": -1.551025970376185,
    "BBDC4": -1.5398616539369592,
    "ELET3": 2.011010047765142
  },
  "synthetic_index": -0.7489228384900449,
  "macro": {
    "score": -1.7143089517540318,
    "reason": "S&P 500 Change"
  },
  "calendar": {
    "volatility_expected": false,
    "reason": "Mercado Est\u00e1vel"
  },
  "settlement_price": 0.0,
  "settlements": {
    "WIN$": 0.0,
    "WDO$": 0.0
  },
  "vwap": 182024.12817506483,
  "vwaps": {
    "WIN$": 182024.12817506483,
    "WDO$": 5232.684656568322
  },
  "htf_bias": "BEAR",
  "real_cvd": 0.0,
  "real_cvd_wdo": 0.0,
  "wdo_win_signal": "NEUTRO",
  "low_liquidity": false,
  "volume_d1": 20403219,
  "avg_volume_10d": 21697487.0,
  "commission_today": 0.0
}