{
  "timestamp": 1774902259.265139,
  "bluechips": {
    "VALE3": 0.63,
    "PETR4": 0.53,
    "ITUB4": 0.36,
    "BBDC4": -0.27,
    "ELET3": 2.01
  },
  "synthetic_index": 0.5123529411764707,
  "macro": {
    "score": -0.22665103556076593,
    "reason": "S&P 500 Change"
  },
  "calendar": {
    "volatility_expected": false,
    "reason": "Mercado Est\u00e1vel"
  },
  "settlement_price": 0.0,
  "settlements": {
    "WIN$": 0.0,
    "WDO$": 0.0
  },
  "vwap": 184113.01377708942,
  "vwaps": {
    "WIN$": 184113.01377708942,
    "WDO$": 5249.112867859897
  },
  "htf_bias": "BEAR",
  "real_cvd": 0.0,
  "real_cvd_wdo": 0.0,
  "wdo_win_signal": "NEUTRO",
  "low_liquidity": false,
  "volume_d1": 18012529,
  "avg_volume_10d": 21085002.0,
  "commission_today": 0.0
}