{
  "timestamp": 1773114014.7992222,
  "bluechips": {
    "VALE3": 0.8117598485226806,
    "PETR4": 1.5394146666127888,
    "ITUB4": 0.5597765521460721,
    "BBDC4": 0.6082000295410263,
    "ELET3": 2.0110270165659125
  },
  "synthetic_index": 1.0096381633554787,
  "macro": {
    "score": 0.9877165345537374,
    "reason": "S&P 500 Change"
  },
  "calendar": {
    "volatility_expected": false,
    "reason": "Mercado Est\u00e1vel"
  },
  "settlement_price": 0.0,
  "htf_bias": "NEUTRAL",
  "real_cvd": 0.0,
  "real_cvd_wdo": 0.0,
  "wdo_win_signal": "NEUTRO",
  "low_liquidity": false,
  "volume_d1": 21917021,
  "avg_volume_10d": 19046094.0,
  "commission_today": 0.0
}