{
  "timestamp": 1772727839.268215,
  "bluechips": {
    "VALE3": -3.191303400316779,
    "PETR4": -0.6402950430516703,
    "ITUB4": -2.5386305576606345,
    "BBDC4": -2.55172578929972,
    "ELET3": 2.271879511851565
  },
  "synthetic_index": -1.8024905827484121,
  "macro": {
    "score": -0.8073018134804232,
    "reason": "S&P 500 Change"
  },
  "calendar": {
    "volatility_expected": false,
    "reason": "Mercado Est\u00e1vel"
  },
  "settlement_price": 0.0,
  "htf_bias": "BEAR",
  "real_cvd": 0.0,
  "real_cvd_wdo": 0.0,
  "wdo_win_signal": "NEUTRO",
  "low_liquidity": false,
  "volume_d1": 19493820,
  "avg_volume_10d": 17254079.0,
  "commission_today": 0.0
}