{
  "timestamp": 1772755206.3502576,
  "bluechips": {
    "VALE3": -3.3790783249363727,
    "PETR4": 0.3882388204365381,
    "ITUB4": -2.880060383771732,
    "BBDC4": -2.6511270082711738,
    "ELET3": 2.2710801313936075
  },
  "synthetic_index": -1.7000100490501096,
  "macro": {
    "score": -0.6202179296959858,
    "reason": "S&P 500 Change"
  },
  "calendar": {
    "volatility_expected": false,
    "reason": "Mercado Est\u00e1vel"
  },
  "settlement_price": 0.0,
  "htf_bias": "BEAR",
  "real_cvd": 0.0,
  "real_cvd_wdo": 0.0,
  "wdo_win_signal": "NEUTRO",
  "low_liquidity": false,
  "volume_d1": 19493820,
  "avg_volume_10d": 17254079.0,
  "commission_today": 0.0
}