{
  "timestamp": 1772738735.5850792,
  "bluechips": {
    "VALE3": -3.740649426061195,
    "PETR4": 0.15117954361437153,
    "ITUB4": -2.5380375130943285,
    "BBDC4": -2.258257302950482,
    "ELET3": 2.2700191626188873
  },
  "synthetic_index": -1.7121526509406086,
  "macro": {
    "score": -1.1884471772057361,
    "reason": "S&P 500 Change"
  },
  "calendar": {
    "volatility_expected": false,
    "reason": "Mercado Est\u00e1vel"
  },
  "settlement_price": 0.0,
  "htf_bias": "BEAR",
  "real_cvd": 0.0,
  "real_cvd_wdo": 0.0,
  "wdo_win_signal": "NEUTRO",
  "low_liquidity": false,
  "volume_d1": 19493820,
  "avg_volume_10d": 17254079.0,
  "commission_today": 0.0
}