{
  "timestamp": 1772654941.5961094,
  "bluechips": {
    "VALE3": -0.9690224911971067,
    "PETR4": -1.7783144039419225,
    "ITUB4": -0.6915896267242281,
    "BBDC4": -0.14989088636007028,
    "ELET3": 2.271473995153199
  },
  "synthetic_index": -0.6278090921218369,
  "macro": {
    "score": 0.8969677071304558,
    "reason": "S&P 500 Change"
  },
  "calendar": {
    "volatility_expected": false,
    "reason": "Mercado Est\u00e1vel"
  },
  "settlement_price": 0.0
}