{
  "timestamp": 1772651245.879265,
  "bluechips": {
    "VALE3": -0.9391175267680674,
    "PETR4": -1.830858615854755,
    "ITUB4": -0.7283112913300903,
    "BBDC4": -0.338292566705454,
    "ELET3": 2.271000917207892
  },
  "synthetic_index": -0.6779995391651362,
  "macro": {
    "score": 0.9474868744642921,
    "reason": "S&P 500 Change"
  },
  "calendar": {
    "volatility_expected": false,
    "reason": "Mercado Est\u00e1vel"
  },
  "settlement_price": 0.0
}