{
  "timestamp": 1772820293.4696224,
  "bluechips": {
    "VALE3": -2.098761574259758,
    "PETR4": 1.2604310875077795,
    "ITUB4": -0.8683040436456534,
    "BBDC4": -0.9085004594039493,
    "ELET3": 2.271091962276333
  },
  "synthetic_index": -0.4078522033966999,
  "macro": {
    "score": -1.1153306939191807,
    "reason": "S&P 500 Change"
  },
  "calendar": {
    "volatility_expected": false,
    "reason": "Mercado Est\u00e1vel"
  },
  "settlement_price": 0.0,
  "htf_bias": "BEAR",
  "real_cvd": 0.0,
  "real_cvd_wdo": 0.0,
  "wdo_win_signal": "NEUTRO",
  "low_liquidity": false,
  "volume_d1": 23811148,
  "avg_volume_10d": 18316898.0,
  "commission_today": 0.0
}