{
  "timestamp": 1772676110.2157545,
  "bluechips": {
    "VALE3": -1.5185293469704255,
    "PETR4": -1.1017244488105158,
    "ITUB4": -0.5111510250327934,
    "BBDC4": -0.2909310700498209,
    "ELET3": 2.271356990231639
  },
  "synthetic_index": -0.6136866832598197,
  "macro": {
    "score": 0.6970716075746894,
    "reason": "S&P 500 Change"
  },
  "calendar": {
    "volatility_expected": false,
    "reason": "Mercado Est\u00e1vel"
  },
  "settlement_price": 0.0,
  "htf_bias": "NEUTRAL",
  "real_cvd": 0.0,
  "real_cvd_wdo": 0.0,
  "wdo_win_signal": "NEUTRO",
  "low_liquidity": false,
  "volume_today": 19493406,
  "avg_volume_10d": 17254079.0,
  "commission_today": 0.0
}