{
  "timestamp": 1772626882.1334507,
  "bluechips": {
    "VALE3": -0.9012421198458991,
    "PETR4": -1.7982968692362757,
    "ITUB4": 0.3604820154477608,
    "BBDC4": -1.0286424648781145,
    "ELET3": 2.2696917535802426
  },
  "synthetic_index": -0.5746190804360035,
  "macro": {
    "score": -0.012278168162859173,
    "reason": "S&P 500 Change"
  },
  "calendar": {
    "volatility_expected": false,
    "reason": "Mercado Est\u00e1vel"
  },
  "settlement_price": 0.0
}