{
  "timestamp": 1773415473.4695256,
  "bluechips": {
    "VALE3": -0.4184040341947242,
    "PETR4": -1.3283684769659396,
    "ITUB4": -0.32958855470993803,
    "BBDC4": -1.7483372290452073,
    "ELET3": 2.011885496976602
  },
  "synthetic_index": -0.6432410721431197,
  "macro": {
    "score": -0.4852743079987821,
    "reason": "S&P 500 Change"
  },
  "calendar": {
    "volatility_expected": false,
    "reason": "Mercado Est\u00e1vel"
  },
  "settlement_price": 0.0,
  "htf_bias": "BEAR",
  "real_cvd": 0.0,
  "real_cvd_wdo": 0.0,
  "wdo_win_signal": "NEUTRO",
  "low_liquidity": false,
  "volume_d1": 22038212,
  "avg_volume_10d": 21109297.0,
  "commission_today": 0.0
}