{
  "timestamp": 1773155272.053105,
  "bluechips": {
    "VALE3": 1.640267703026591,
    "PETR4": -0.3688529956685573,
    "ITUB4": 1.25091230661697,
    "BBDC4": 2.401366514074701,
    "ELET3": 2.011662009218689
  },
  "synthetic_index": 1.2767369811483067,
  "macro": {
    "score": 0.20282744667589023,
    "reason": "S&P 500 Change"
  },
  "calendar": {
    "volatility_expected": false,
    "reason": "Mercado Est\u00e1vel"
  },
  "settlement_price": 0.0,
  "htf_bias": "BULL",
  "real_cvd": 0.0,
  "real_cvd_wdo": 0.0,
  "wdo_win_signal": "NEUTRO",
  "low_liquidity": false,
  "volume_d1": 22867615,
  "avg_volume_10d": 19447422.0,
  "commission_today": 0.0
}