{
  "timestamp": 1772592679.3162339,
  "bluechips": {
    "VALE3": -0.8981506011081465,
    "PETR4": -1.8011946434096004,
    "ITUB4": 0.3604962058488693,
    "BBDC4": -1.0281311987775779,
    "ELET3": 2.2684940771392474
  },
  "synthetic_index": -0.582153693154962,
  "macro": {
    "score": -0.8938468578653964,
    "reason": "S&P 500 Change"
  },
  "calendar": {
    "volatility_expected": false,
    "reason": "Mercado Est\u00e1vel"
  },
  "settlement_price": 0.0
}