{
  "timestamp": 1772224373.4748237,
  "bluechips": {
    "VALE3": -0.7986882167961329,
    "PETR4": -0.998645777649007,
    "ITUB4": -2.1596935321068877,
    "BBDC4": -1.210364232325721,
    "ELET3": 2.271538874662748
  },
  "synthetic_index": -0.8967729527946006,
  "macro": {
    "score": -0.48327739796858793,
    "reason": "S&P 500 Change"
  },
  "calendar": {
    "volatility_expected": false,
    "reason": "Mercado Est\u00e1vel"
  },
  "settlement_price": 0.0
}