{
  "timestamp": 1772925233.092721,
  "bluechips": {
    "VALE3": -2.5213595646102944,
    "PETR4": 0.49926541385545653,
    "ITUB4": -1.219613957871126,
    "BBDC4": -0.8104927946312331,
    "ELET3": 2.269368513636113
  },
  "synthetic_index": -0.7446275770435954,
  "macro": {
    "score": -1.252344876276258,
    "reason": "S&P 500 Change"
  },
  "calendar": {
    "volatility_expected": false,
    "reason": "Mercado Est\u00e1vel"
  },
  "settlement_price": 0.0,
  "htf_bias": "BEAR",
  "real_cvd": 0.0,
  "real_cvd_wdo": 0.0,
  "wdo_win_signal": "NEUTRO",
  "low_liquidity": false,
  "volume_d1": 21917021,
  "avg_volume_10d": 19046094.0,
  "commission_today": 0.0
}