{
  "timestamp": 1773872277.7969806,
  "bluechips": {
    "VALE3": -2.49,
    "PETR4": 1.44,
    "ITUB4": -1.55,
    "BBDC4": -1.54,
    "ELET3": 2.01
  },
  "synthetic_index": -0.7535294117647061,
  "macro": {
    "score": -1.7124814264487371,
    "reason": "S&P 500 Change"
  },
  "calendar": {
    "volatility_expected": false,
    "reason": "Mercado Est\u00e1vel"
  },
  "settlement_price": 0.0,
  "settlements": {
    "WIN$": 0.0,
    "WDO$": 0.0
  },
  "vwap": 182010.73572943767,
  "vwaps": {
    "WIN$": 182010.73572943767,
    "WDO$": 5233.793640664042
  },
  "htf_bias": "BEAR",
  "real_cvd": 0.0,
  "real_cvd_wdo": 0.0,
  "wdo_win_signal": "NEUTRO",
  "low_liquidity": false,
  "volume_d1": 20403219,
  "avg_volume_10d": 21697487.0,
  "commission_today": 0.0
}