{
  "timestamp": 1772721815.7403538,
  "bluechips": {
    "VALE3": -2.501876662984421,
    "PETR4": -0.7186541495706703,
    "ITUB4": -1.8984200058969025,
    "BBDC4": -1.7696051305168916,
    "ELET3": 2.269737581215123
  },
  "synthetic_index": -1.353173514246191,
  "macro": {
    "score": -0.33557457238058513,
    "reason": "S&P 500 Change"
  },
  "calendar": {
    "volatility_expected": false,
    "reason": "Mercado Est\u00e1vel"
  },
  "settlement_price": 0.0,
  "htf_bias": "BEAR",
  "real_cvd": 0.0,
  "real_cvd_wdo": 0.0,
  "wdo_win_signal": "NEUTRO",
  "low_liquidity": true,
  "volume_today": 8930217,
  "avg_volume_10d": 18316898.0,
  "commission_today": 0.0
}