{
  "timestamp": 1773086162.077914,
  "bluechips": {
    "VALE3": 2.231313882024664,
    "PETR4": -0.31926022762710193,
    "ITUB4": 1.2011878204325475,
    "BBDC4": 1.3497288349426024,
    "ELET3": 2.2719778049136075
  },
  "synthetic_index": 1.2546641881250815,
  "macro": {
    "score": 0.7720828589304973,
    "reason": "S&P 500 Change"
  },
  "calendar": {
    "volatility_expected": false,
    "reason": "Mercado Est\u00e1vel"
  },
  "settlement_price": 0.0,
  "htf_bias": "BEAR",
  "real_cvd": 0.0,
  "real_cvd_wdo": 0.0,
  "wdo_win_signal": "NEUTRO",
  "low_liquidity": false,
  "volume_d1": 21917021,
  "avg_volume_10d": 19046094.0,
  "commission_today": 0.0
}