{
  "timestamp": 1773452236.063749,
  "bluechips": {
    "VALE3": -1.4117922454287328,
    "PETR4": -0.8690122641094972,
    "ITUB4": -0.22920806140102654,
    "BBDC4": -2.009986134164197,
    "ELET3": 2.008493856827174
  },
  "synthetic_index": -0.8374133264285645,
  "macro": {
    "score": -1.0044856426215303,
    "reason": "S&P 500 Change"
  },
  "calendar": {
    "volatility_expected": false,
    "reason": "Mercado Est\u00e1vel"
  },
  "settlement_price": 0.0,
  "settlements": {
    "WIN$": 0.0,
    "WDO$": 0.0
  },
  "vwap": 0.0,
  "vwaps": {
    "WIN$": 0.0,
    "WDO$": 0.0
  },
  "htf_bias": "BEAR",
  "real_cvd": 0.0,
  "real_cvd_wdo": 0.0,
  "wdo_win_signal": "NEUTRO",
  "low_liquidity": false,
  "volume_d1": 22038212,
  "avg_volume_10d": 21109297.0,
  "commission_today": 0.0
}