{
  "timestamp": 1773085855.9986455,
  "bluechips": {
    "VALE3": 2.2611370871875778,
    "PETR4": -0.28137063207559093,
    "ITUB4": 1.1096403723874984,
    "BBDC4": 1.54979357441892,
    "ELET3": 2.271347526426264
  },
  "synthetic_index": 1.3032233841238117,
  "macro": {
    "score": 0.6565383104336969,
    "reason": "S&P 500 Change"
  },
  "calendar": {
    "volatility_expected": false,
    "reason": "Mercado Est\u00e1vel"
  },
  "settlement_price": 0.0,
  "htf_bias": "BEAR",
  "real_cvd": 0.0,
  "real_cvd_wdo": 0.0,
  "wdo_win_signal": "NEUTRO",
  "low_liquidity": false,
  "volume_d1": 21917021,
  "avg_volume_10d": 19046094.0,
  "commission_today": 0.0
}