{
  "timestamp": 1772235475.3343084,
  "bluechips": {
    "VALE3": -0.911241898243373,
    "PETR4": -1.4808347699443634,
    "ITUB4": -2.331775296541269,
    "BBDC4": -1.6714359678512938,
    "ELET3": 2.2719930058091697
  },
  "synthetic_index": -1.1615182156068717,
  "macro": {
    "score": -0.3523435588483879,
    "reason": "S&P 500 Change"
  },
  "calendar": {
    "volatility_expected": false,
    "reason": "Mercado Est\u00e1vel"
  },
  "settlement_price": 0.0
}