{
  "timestamp": 1772401866.8633945,
  "bluechips": {
    "VALE3": -0.7512973136064508,
    "PETR4": -1.480269546849726,
    "ITUB4": -1.7197529567439245,
    "BBDC4": -1.6308558527677859,
    "ELET3": 2.270278722656562
  },
  "synthetic_index": -0.9866445023064799,
  "macro": {
    "score": -0.3578952380663057,
    "reason": "S&P 500 Change"
  },
  "calendar": {
    "volatility_expected": false,
    "reason": "Mercado Est\u00e1vel"
  },
  "settlement_price": 0.0
}