{
  "timestamp": 1773103378.2651188,
  "bluechips": {
    "VALE3": 0.8103972809284562,
    "PETR4": 1.5418630027614768,
    "ITUB4": 0.5600031491159965,
    "BBDC4": 0.6108412177739561,
    "ELET3": 2.0108370352554417
  },
  "synthetic_index": 1.007259219238825,
  "macro": {
    "score": 0.9934095248177359,
    "reason": "S&P 500 Change"
  },
  "calendar": {
    "volatility_expected": false,
    "reason": "Mercado Est\u00e1vel"
  },
  "settlement_price": 0.0,
  "htf_bias": "NEUTRAL",
  "real_cvd": 0.0,
  "real_cvd_wdo": 0.0,
  "wdo_win_signal": "NEUTRO",
  "low_liquidity": false,
  "volume_d1": 21917021,
  "avg_volume_10d": 19046094.0,
  "commission_today": 0.0
}