{
  "timestamp": 1772716397.8572695,
  "bluechips": {
    "VALE3": -0.26128422467414947,
    "PETR4": 0.10145280922358008,
    "ITUB4": -0.12805880329713992,
    "BBDC4": -0.15170455253299914,
    "ELET3": 2.271865879271999
  },
  "synthetic_index": 0.11697808791071036,
  "macro": {
    "score": -0.24683436619924837,
    "reason": "S&P 500 Change"
  },
  "calendar": {
    "volatility_expected": false,
    "reason": "Mercado Est\u00e1vel"
  },
  "settlement_price": 0.0,
  "htf_bias": "BEAR",
  "real_cvd": 0.0,
  "real_cvd_wdo": 0.0,
  "wdo_win_signal": "NEUTRO",
  "low_liquidity": true,
  "volume_today": 3820880,
  "avg_volume_10d": 18316898.0,
  "commission_today": 0.0
}