{
  "timestamp": 1775084719.6927626,
  "bluechips": {
    "VALE3": 0.27,
    "PETR4": -2.84,
    "ITUB4": 0.94,
    "BBDC4": 1.25,
    "ELET3": 2.01
  },
  "synthetic_index": 0.03235294117647059,
  "macro": {
    "score": 0.8103172791600092,
    "reason": "S&P 500 Change"
  },
  "calendar": {
    "volatility_expected": false,
    "reason": "Mercado Est\u00e1vel"
  },
  "settlement_price": 0.0,
  "settlements": {
    "WIN$": 0.0,
    "WDO$": 0.0
  },
  "vwap": 189223.12154174387,
  "vwaps": {
    "WIN$": 189223.12154174387,
    "WDO$": 5219.0
  },
  "htf_bias": "BULL",
  "real_cvd": 0.0,
  "real_cvd_wdo": 0.0,
  "wdo_win_signal": "NEUTRO",
  "low_liquidity": false,
  "volume_d1": 21134400,
  "avg_volume_10d": 20952935.0,
  "commission_today": 0.0
}