{
  "timestamp": 1772652449.946139,
  "bluechips": {
    "VALE3": -1.1219347001526556,
    "PETR4": -1.8299907069065389,
    "ITUB4": -0.6583747693563673,
    "BBDC4": -0.7812319566300538,
    "ELET3": 2.268198258789273
  },
  "synthetic_index": -0.7981135622023916,
  "macro": {
    "score": 0.9096169229309804,
    "reason": "S&P 500 Change"
  },
  "calendar": {
    "volatility_expected": false,
    "reason": "Mercado Est\u00e1vel"
  },
  "settlement_price": 0.0
}