{
  "timestamp": 1772628913.0640504,
  "bluechips": {
    "VALE3": -0.8990312677778216,
    "PETR4": -1.8013831383406813,
    "ITUB4": 0.36157390979746423,
    "BBDC4": -1.0292249377585616,
    "ELET3": 2.2704648652650987
  },
  "synthetic_index": -0.5775998033436622,
  "macro": {
    "score": -0.09715389535697135,
    "reason": "S&P 500 Change"
  },
  "calendar": {
    "volatility_expected": false,
    "reason": "Mercado Est\u00e1vel"
  },
  "settlement_price": 0.0
}