{
  "timestamp": 1773089609.043829,
  "bluechips": {
    "VALE3": 0.8593627226002404,
    "PETR4": 1.6888239703857149,
    "ITUB4": 0.630596328028827,
    "BBDC4": 0.7203669142016402,
    "ELET3": 2.0083613074760867
  },
  "synthetic_index": 1.0909524261175771,
  "macro": {
    "score": 0.6979841217033464,
    "reason": "S&P 500 Change"
  },
  "calendar": {
    "volatility_expected": false,
    "reason": "Mercado Est\u00e1vel"
  },
  "settlement_price": 0.0,
  "htf_bias": "BEAR",
  "real_cvd": 0.0,
  "real_cvd_wdo": 0.0,
  "wdo_win_signal": "NEUTRO",
  "low_liquidity": false,
  "volume_d1": 21917021,
  "avg_volume_10d": 19046094.0,
  "commission_today": 0.0
}