{
  "timestamp": 1773084538.3383138,
  "bluechips": {
    "VALE3": 2.4787925501954273,
    "PETR4": 0.41989313604208955,
    "ITUB4": 1.5095036801534638,
    "BBDC4": 1.968526393468316,
    "ELET3": 2.269539110551421
  },
  "synthetic_index": 1.6830525764386077,
  "macro": {
    "score": 0.5966217570573551,
    "reason": "S&P 500 Change"
  },
  "calendar": {
    "volatility_expected": false,
    "reason": "Mercado Est\u00e1vel"
  },
  "settlement_price": 0.0,
  "htf_bias": "BEAR",
  "real_cvd": 0.0,
  "real_cvd_wdo": 0.0,
  "wdo_win_signal": "NEUTRO",
  "low_liquidity": false,
  "volume_d1": 21917021,
  "avg_volume_10d": 19046094.0,
  "commission_today": 0.0
}