{
  "timestamp": 1773078321.218237,
  "bluechips": {
    "VALE3": 0.7980475676063362,
    "PETR4": 0.9008705457923292,
    "ITUB4": 0.11941642401535343,
    "BBDC4": -0.3109162259238126,
    "ELET3": 2.270549877980305
  },
  "synthetic_index": 0.6144001024175368,
  "macro": {
    "score": -0.6547410100224541,
    "reason": "S&P 500 Change"
  },
  "calendar": {
    "volatility_expected": false,
    "reason": "Mercado Est\u00e1vel"
  },
  "settlement_price": 0.0,
  "htf_bias": "BEAR",
  "real_cvd": 0.0,
  "real_cvd_wdo": 0.0,
  "wdo_win_signal": "NEUTRO",
  "low_liquidity": false,
  "volume_d1": 21917021,
  "avg_volume_10d": 19046094.0,
  "commission_today": 0.0
}