{
  "timestamp": 1772763737.8664124,
  "bluechips": {
    "VALE3": -3.3785759075036723,
    "PETR4": 0.3909998819026629,
    "ITUB4": -2.879929491870421,
    "BBDC4": -2.649955719874235,
    "ELET3": 2.2692713655191947
  },
  "synthetic_index": -1.6933006494153093,
  "macro": {
    "score": -0.6239890862535721,
    "reason": "S&P 500 Change"
  },
  "calendar": {
    "volatility_expected": false,
    "reason": "Mercado Est\u00e1vel"
  },
  "settlement_price": 0.0,
  "htf_bias": "BEAR",
  "real_cvd": 0.0,
  "real_cvd_wdo": 0.0,
  "wdo_win_signal": "NEUTRO",
  "low_liquidity": false,
  "volume_d1": 19493820,
  "avg_volume_10d": 17254079.0,
  "commission_today": 0.0
}