{
  "timestamp": 1772627183.6634853,
  "bluechips": {
    "VALE3": -0.9005796078132943,
    "PETR4": -1.7996479355682304,
    "ITUB4": 0.358956485740343,
    "BBDC4": -1.0283172923919266,
    "ELET3": 2.26992725136229
  },
  "synthetic_index": -0.5779365901988397,
  "macro": {
    "score": -0.05387393781597332,
    "reason": "S&P 500 Change"
  },
  "calendar": {
    "volatility_expected": false,
    "reason": "Mercado Est\u00e1vel"
  },
  "settlement_price": 0.0
}