{
  "timestamp": 1772593926.5805926,
  "bluechips": {
    "VALE3": -0.8991027722256607,
    "PETR4": -1.801451469385972,
    "ITUB4": 0.3599120194979385,
    "BBDC4": -1.030372057609265,
    "ELET3": 2.2706652377909786
  },
  "synthetic_index": -0.5816507192776708,
  "macro": {
    "score": -0.8965361728533213,
    "reason": "S&P 500 Change"
  },
  "calendar": {
    "volatility_expected": false,
    "reason": "Mercado Est\u00e1vel"
  },
  "settlement_price": 0.0
}