{
  "timestamp": 1772150979.6099045,
  "bluechips": {
    "VALE3": 0.3,
    "PETR4": 0.79,
    "ITUB4": -0.25,
    "BBDC4": -0.99,
    "ELET3": 2.27
  },
  "synthetic_index": 0.24764705882352944,
  "macro": {
    "score": -0.6249551038000144,
    "reason": "S&P 500 Change"
  },
  "calendar": {
    "volatility_expected": false,
    "reason": "Mercado Est\u00e1vel"
  },
  "settlement_price": 0.0
}