{
  "timestamp": 1772825667.1458287,
  "bluechips": {
    "VALE3": -2.271089780565928,
    "PETR4": 1.3607023945303063,
    "ITUB4": -0.6907661210361484,
    "BBDC4": -0.8084990867535223,
    "ELET3": 2.2703438956159405
  },
  "synthetic_index": -0.3746249935079722,
  "macro": {
    "score": -0.8936675766466018,
    "reason": "S&P 500 Change"
  },
  "calendar": {
    "volatility_expected": false,
    "reason": "Mercado Est\u00e1vel"
  },
  "settlement_price": 0.0,
  "htf_bias": "BEAR",
  "real_cvd": 0.0,
  "real_cvd_wdo": 0.0,
  "wdo_win_signal": "NEUTRO",
  "low_liquidity": false,
  "volume_d1": 23811148,
  "avg_volume_10d": 18316898.0,
  "commission_today": 0.0
}