{
  "timestamp": 1772728950.0215611,
  "bluechips": {
    "VALE3": -3.409653540422152,
    "PETR4": -0.3190583630244169,
    "ITUB4": -2.248100566199248,
    "BBDC4": -2.501152579564235,
    "ELET3": 2.2706625507496607
  },
  "synthetic_index": -1.7229518424552857,
  "macro": {
    "score": -0.727540641531885,
    "reason": "S&P 500 Change"
  },
  "calendar": {
    "volatility_expected": false,
    "reason": "Mercado Est\u00e1vel"
  },
  "settlement_price": 0.0,
  "htf_bias": "BEAR",
  "real_cvd": 0.0,
  "real_cvd_wdo": 0.0,
  "wdo_win_signal": "NEUTRO",
  "low_liquidity": false,
  "volume_d1": 19493820,
  "avg_volume_10d": 17254079.0,
  "commission_today": 0.0
}