{
  "timestamp": 1773078342.9708297,
  "bluechips": {
    "VALE3": 0.7691362904890956,
    "PETR4": 0.8805295856683719,
    "ITUB4": 0.1413922936872099,
    "BBDC4": -0.2600926277980774,
    "ELET3": 2.2704656508675596
  },
  "synthetic_index": 0.6132820312575642,
  "macro": {
    "score": -0.6124573514527589,
    "reason": "S&P 500 Change"
  },
  "calendar": {
    "volatility_expected": false,
    "reason": "Mercado Est\u00e1vel"
  },
  "settlement_price": 0.0,
  "htf_bias": "BEAR",
  "real_cvd": 0.0,
  "real_cvd_wdo": 0.0,
  "wdo_win_signal": "NEUTRO",
  "low_liquidity": false,
  "volume_d1": 21917021,
  "avg_volume_10d": 19046094.0,
  "commission_today": 0.0
}