{
  "timestamp": 1773864756.2674885,
  "bluechips": {
    "VALE3": -2.3198607264476583,
    "PETR4": 1.3411612177618528,
    "ITUB4": -1.0100458212801282,
    "BBDC4": -1.169500704070088,
    "ELET3": 2.0119983807719675
  },
  "synthetic_index": -0.5472588147488653,
  "macro": {
    "score": -1.645329046627125,
    "reason": "S&P 500 Change"
  },
  "calendar": {
    "volatility_expected": false,
    "reason": "Mercado Est\u00e1vel"
  },
  "settlement_price": 0.0,
  "settlements": {
    "WIN$": 0.0,
    "WDO$": 0.0
  },
  "vwap": 182086.15828295896,
  "vwaps": {
    "WIN$": 182086.15828295896,
    "WDO$": 5228.626384817158
  },
  "htf_bias": "BEAR",
  "real_cvd": 0.0,
  "real_cvd_wdo": 0.0,
  "wdo_win_signal": "NEUTRO",
  "low_liquidity": false,
  "volume_d1": 20403219,
  "avg_volume_10d": 21697487.0,
  "commission_today": 0.0
}