{
  "timestamp": 1773083364.7010381,
  "bluechips": {
    "VALE3": 1.6615453060889918,
    "PETR4": 1.7097689684977022,
    "ITUB4": 0.5913367186504259,
    "BBDC4": 0.8814519532661266,
    "ELET3": 2.270300705921784
  },
  "synthetic_index": 1.3674518760946228,
  "macro": {
    "score": -0.34367499818021885,
    "reason": "S&P 500 Change"
  },
  "calendar": {
    "volatility_expected": false,
    "reason": "Mercado Est\u00e1vel"
  },
  "settlement_price": 0.0,
  "htf_bias": "BEAR",
  "real_cvd": 0.0,
  "real_cvd_wdo": 0.0,
  "wdo_win_signal": "NEUTRO",
  "low_liquidity": false,
  "volume_d1": 21917021,
  "avg_volume_10d": 19046094.0,
  "commission_today": 0.0
}