{
  "timestamp": 1772740500.760595,
  "bluechips": {
    "VALE3": -3.871096127272488,
    "PETR4": 0.24969679972912745,
    "ITUB4": -2.789979096127533,
    "BBDC4": -2.50047230588391,
    "ELET3": 2.270891736341928
  },
  "synthetic_index": -1.8149398034750972,
  "macro": {
    "score": -1.2301637719628071,
    "reason": "S&P 500 Change"
  },
  "calendar": {
    "volatility_expected": false,
    "reason": "Mercado Est\u00e1vel"
  },
  "settlement_price": 0.0,
  "htf_bias": "BEAR",
  "real_cvd": 0.0,
  "real_cvd_wdo": 0.0,
  "wdo_win_signal": "NEUTRO",
  "low_liquidity": false,
  "volume_d1": 19493820,
  "avg_volume_10d": 17254079.0,
  "commission_today": 0.0
}