{
  "timestamp": 1773079364.9667192,
  "bluechips": {
    "VALE3": 0.8881133512351491,
    "PETR4": 1.0184614521204989,
    "ITUB4": 0.3983872578970308,
    "BBDC4": -0.04854207076878487,
    "ELET3": 2.270617473289061
  },
  "synthetic_index": 0.7788109585286322,
  "macro": {
    "score": -0.5183040605237018,
    "reason": "S&P 500 Change"
  },
  "calendar": {
    "volatility_expected": false,
    "reason": "Mercado Est\u00e1vel"
  },
  "settlement_price": 0.0,
  "htf_bias": "BEAR",
  "real_cvd": 0.0,
  "real_cvd_wdo": 0.0,
  "wdo_win_signal": "NEUTRO",
  "low_liquidity": false,
  "volume_d1": 21917021,
  "avg_volume_10d": 19046094.0,
  "commission_today": 0.0
}