{
  "timestamp": 1772674566.5312803,
  "bluechips": {
    "VALE3": -1.5191238798170854,
    "PETR4": -1.09830827222164,
    "ITUB4": -0.5088461367409232,
    "BBDC4": -0.29084800647747233,
    "ELET3": 2.270205421822434
  },
  "synthetic_index": -0.608547372090155,
  "macro": {
    "score": 0.698836135907972,
    "reason": "S&P 500 Change"
  },
  "calendar": {
    "volatility_expected": false,
    "reason": "Mercado Est\u00e1vel"
  },
  "settlement_price": 0.0,
  "htf_bias": "NEUTRAL",
  "real_cvd": 0.0,
  "real_cvd_wdo": 0.0,
  "wdo_win_signal": "NEUTRO",
  "low_liquidity": false,
  "volume_today": 19493406,
  "avg_volume_10d": 17254079.0,
  "commission_today": 0.0
}