{
  "timestamp": 1772629948.1902802,
  "bluechips": {
    "VALE3": -0.19056170365617137,
    "PETR4": -0.5116742665123077,
    "ITUB4": -0.19823445217903918,
    "BBDC4": 0.24056000935625863,
    "ELET3": 2.271836883399922
  },
  "synthetic_index": 0.05691487443666581,
  "macro": {
    "score": 0.37781821025742257,
    "reason": "S&P 500 Change"
  },
  "calendar": {
    "volatility_expected": false,
    "reason": "Mercado Est\u00e1vel"
  },
  "settlement_price": 0.0
}