{
  "timestamp": 1772387893.5197754,
  "bluechips": {
    "VALE3": -0.7519287991449188,
    "PETR4": -1.4784283329993937,
    "ITUB4": -1.7215284087437555,
    "BBDC4": -1.6293506946314897,
    "ELET3": 2.2710552913596187
  },
  "synthetic_index": -0.9857730047710473,
  "macro": {
    "score": -0.3504413840599854,
    "reason": "S&P 500 Change"
  },
  "calendar": {
    "volatility_expected": false,
    "reason": "Mercado Est\u00e1vel"
  },
  "settlement_price": 0.0
}