{
  "timestamp": 1772305860.2903633,
  "bluechips": {
    "VALE3": -0.7509080771149961,
    "PETR4": -1.4803398374121934,
    "ITUB4": -1.7184525392532541,
    "BBDC4": -1.6298133127729812,
    "ELET3": 2.2710676930147025
  },
  "synthetic_index": -0.9898100658030726,
  "macro": {
    "score": -0.35687723672028,
    "reason": "S&P 500 Change"
  },
  "calendar": {
    "volatility_expected": false,
    "reason": "Mercado Est\u00e1vel"
  },
  "settlement_price": 0.0
}