{
  "timestamp": 1772300007.293816,
  "bluechips": {
    "VALE3": -0.7502366222251265,
    "PETR4": -1.480595639720888,
    "ITUB4": -1.7217354171084802,
    "BBDC4": -1.629053433195383,
    "ELET3": 2.27003640390682
  },
  "synthetic_index": -0.9910252415106069,
  "macro": {
    "score": -0.35268319996076236,
    "reason": "S&P 500 Change"
  },
  "calendar": {
    "volatility_expected": false,
    "reason": "Mercado Est\u00e1vel"
  },
  "settlement_price": 0.0
}