{
  "timestamp": 1773101722.4016132,
  "bluechips": {
    "VALE3": 0.8094856484453296,
    "PETR4": 1.5395153137375948,
    "ITUB4": 0.5584863556978351,
    "BBDC4": 0.6118365588175435,
    "ELET3": 2.0101865653157245
  },
  "synthetic_index": 1.0125800968462348,
  "macro": {
    "score": 0.9933540468192344,
    "reason": "S&P 500 Change"
  },
  "calendar": {
    "volatility_expected": false,
    "reason": "Mercado Est\u00e1vel"
  },
  "settlement_price": 0.0,
  "htf_bias": "NEUTRAL",
  "real_cvd": 0.0,
  "real_cvd_wdo": 0.0,
  "wdo_win_signal": "NEUTRO",
  "low_liquidity": false,
  "volume_d1": 21917021,
  "avg_volume_10d": 19046094.0,
  "commission_today": 0.0
}