{
  "timestamp": 1773197675.744564,
  "bluechips": {
    "VALE3": 1.4591291251939809,
    "PETR4": -0.6003593552894506,
    "ITUB4": 1.6205309962682994,
    "BBDC4": 2.71094457918606,
    "ELET3": 2.009293319330176
  },
  "synthetic_index": 1.3102959182516651,
  "macro": {
    "score": -0.23150552587116374,
    "reason": "S&P 500 Change"
  },
  "calendar": {
    "volatility_expected": false,
    "reason": "Mercado Est\u00e1vel"
  },
  "settlement_price": 0.0,
  "htf_bias": "BULL",
  "real_cvd": 0.0,
  "real_cvd_wdo": 0.0,
  "wdo_win_signal": "NEUTRO",
  "low_liquidity": false,
  "volume_d1": 22867615,
  "avg_volume_10d": 19447422.0,
  "commission_today": 0.0
}