{
  "timestamp": 1772235404.7589374,
  "bluechips": {
    "VALE3": -0.9107287688549841,
    "PETR4": -1.481568490590765,
    "ITUB4": -2.3285293728023104,
    "BBDC4": -1.6704329567776042,
    "ELET3": 2.2691363578091828
  },
  "synthetic_index": -1.1623740559994806,
  "macro": {
    "score": -0.3523606552930088,
    "reason": "S&P 500 Change"
  },
  "calendar": {
    "volatility_expected": false,
    "reason": "Mercado Est\u00e1vel"
  },
  "settlement_price": 0.0
}