{
  "timestamp": 1773101862.5390074,
  "bluechips": {
    "VALE3": 0.8105918707206465,
    "PETR4": 1.538460018630055,
    "ITUB4": 0.5580754491180765,
    "BBDC4": 0.6093876683284364,
    "ELET3": 2.0086963637551882
  },
  "synthetic_index": 1.0149862543540509,
  "macro": {
    "score": 0.9888565797332369,
    "reason": "S&P 500 Change"
  },
  "calendar": {
    "volatility_expected": false,
    "reason": "Mercado Est\u00e1vel"
  },
  "settlement_price": 0.0,
  "htf_bias": "NEUTRAL",
  "real_cvd": 0.0,
  "real_cvd_wdo": 0.0,
  "wdo_win_signal": "NEUTRO",
  "low_liquidity": false,
  "volume_d1": 21917021,
  "avg_volume_10d": 19046094.0,
  "commission_today": 0.0
}